source_id,ra,dec,parallax,parallax_error,pmra,pmdec,visibility_periods_used,radial_velocity,radial_velocity_error,astrometric_chi2_al,ipd_gof_harmonic_amplitude,bp_rp,phot_bp_rp_excess_factor,ruwe,phot_g_mean_mag,phot_rp_mean_mag,phot_bp_mean_mag,astrometric_excess_noise,astrometric_excess_noise_sig,astrometric_primary_flag,astrometric_n_good_obs_al,nss_solution_type,period,period_error,t_periastron,t_periastron_error,eccentricity,eccentricity_error,obj_func,goodness_of_fit,efficiency,significance,binary,p1_a0_mas,mass_function_msun,p1_omega_deg,p1_OMEGA_deg,p1_incl_deg,absolute_phot_g_mean_mag
43574131143039104,58.17597943609416,17.014956629753385,103.50079405457333,0.08819867,433.182994699696,-645.3686186694839,17,35.963917,1.7828425,29694.092,0.038470384,3.2023096,1.5269502,3.7299998,12.176142,10.8709,14.07321,0.71435624,983.21136,False,401,OrbitalTargetedSearch,10.588494936474195,0.0013119273,0.6073068625073361,0.15326543,0.5239050161198824,0.027421728,469.3478,1.629151,0.32486647,37.89186,0,1.3910854512579145,0.002888965551153706,1.5951651757431677,2.837831444591631,1.6200101289884672,46.905221491342445
73648110622521600,32.726916016179864,12.540391768752103,17.076489115903104,0.072694205,-135.8062824627081,-31.435694868943642,15,0.5713785,4.4968805,1057.0559,0.05478596,3.0358715,1.4906659,2.0953746,15.471945,14.2076,17.243471,0.56909233,38.380806,False,227,Orbital,491.1560012027506,7.920356,165.44379076958387,25.435072,0.22629505812207878,0.077759586,213.47499,-0.42603278,0.2871605,22.225372,1,1.011234985331265,0.00011484234225489989,1.3646753516295715,1.3324728545443574,1.9806611146687627,41.099890778719654
198464052134353536,72.24090793452535,36.80483497111108,41.54345439981329,0.0881875,-8.027857944771249,-366.2510588782212,17,0.0,1.1180166,5265.316,0.011572186,3.6320324,1.5731152,2.456141,14.380431,13.013077,16.64511,0.62306684,173.2543,False,413,Orbital,301.5181079175184,2.6994631,114.24923755165051,6.4367046,0.5043746787043829,0.07662061,575.1571,4.924189,0.0,14.872245,1,1.1104699247063214,2.8026330280211437e-05,2.1999907183486234,3.0206588736206217,2.0403387302986595,44.54118323829961
246890014559489792,58.965810409799815,47.846416147110304,19.03865338611593,0.029674252,18.644739168460593,-64.01677900928517,21,-16.496304,4.99741,1130.3608,0.016255427,2.9135103,1.4823937,1.5326742,14.382978,13.136931,16.050442,0.19036435,17.176617,False,482,Orbital,825.1980036257409,62.425888,-314.4470109838317,27.726913,0.5249161149858731,0.11578875,701.00946,6.516918,0.0,7.9047728,1,0.3647295877067092,1.377426447025362e-06,1.8062499187270984,0.5995471583015137,0.5862540709528075,40.64095898822961
373892712892466048,13.402764464062166,39.47537995945491,13.283683590037166,0.033895075,-49.317068040474915,12.214162929916865,18,-23.901018,1.5009773,1186.4865,0.008766156,2.5368624,1.422393,1.8773854,13.863311,12.708538,15.2454,0.19419017,24.824148,False,365,Orbital,477.21914484273793,5.14097,-67.50065169675372,25.48403,0.2570198643879311,0.091276236,405.19098,1.6065431,0.0,17.364326,1,0.3954965950951845,1.546028204174357e-05,1.844565743164155,1.9514151155485213,0.7203910121304119,38.269705312499504
405316961377489792,15.233888359663718,54.0859523997322,12.923166892000433,0.043618005,36.597618978810935,-107.25087556830934,24,0.0,1.1180166,1449.1294,0.017656205,2.8245716,1.4653903,1.457322,15.682299,14.458496,17.283068,0.26243824,13.132311,False,659,Orbital,676.7642553747581,15.583598,50.387685318163165,21.270393,0.6877841858464715,0.2147176,780.7805,2.9714339,0.0,7.5259814,0,0.9740336667844048,0.00012471556831091185,1.3034972103746738,0.010233271521791987,1.183693642235411,39.98446890329021
423297927866697088,0.37001855824635865,59.880238810608176,12.629176187630836,0.035299823,39.45714367504948,21.292544556400042,27,-30.567616,3.6363087,1156.8434,0.007730799,2.7134695,1.4467239,1.7316562,14.772931,13.5762205,16.28969,0.2827709,25.79602,False,395,Orbital,491.94427995922393,5.5312085,55.02753822744381,55.025402,0.09533781822590597,0.08327244,454.70966,0.5800605,0.0,25.207548,1,0.5734909166665528,5.161823892747982e-05,1.602625668712015,0.7015241672647832,1.5616682493758531,38.935302341782986
430892357759527424,7.674822030699804,63.50440775695271,26.228240576207742,0.049123242,-27.450886866942426,-5.505974053822608,27,0.0,1.1180166,1519.7493,0.005083656,3.6987982,1.5790945,1.4524813,15.627882,14.252694,17.951492,0.45112655,31.152145,False,460,Orbital,495.28032562640556,8.580562,-201.66995796082233,23.80568,0.3444068457431626,0.12239906,674.1748,4.6912704,0.3695914,13.512258,1,0.6621911682867732,8.752275368392532e-06,1.2071100491041598,0.9780120690754688,1.3280148391745603,43.44303599425298
453629708460138624,42.929445187350446,54.964995956754166,12.318107883500955,0.021303482,-18.095044585576467,-90.74144382465035,20,26.407507,2.548567,737.39417,0.017074017,2.4035635,1.4059955,1.4997311,13.462671,12.3405485,14.744112,0.12656681,13.170632,False,360,Orbital,311.98085320594356,3.8399322,10.133962783309016,36.69121,0.16474997045915654,0.15656011,443.7632,2.4312057,0.0,12.0179615,1,0.31128789252058114,2.2119700576295784e-05,0.20634384074695605,0.13542260717918492,1.494319058942963,37.548183342223844
522135261462534528,32.288730556016894,71.55094419496288,37.01171490337175,0.017334938,306.90955246996714,-239.24430409022557,24,0.58357465,0.11986201,911.0436,0.0101654725,0.7085624,1.196165,0.87639636,6.4476395,6.0089073,6.7174697,0.11294734,16.343645,True,343,OrbitalTargetedSearch,401.1387421312907,11.973039,118.24679541260758,69.094955,0.2224638586090458,0.15546611,388.2582,0.35778666,0.0,5.076822,0,0.2495701176182571,2.5418584323089894e-07,0.9473684298193573,0.5304077481979911,1.8809858960843377,36.03362656519226
557717892980808960,65.14265583248525,81.53178029661157,24.99961974131864,0.019533189,-115.9989224955798,-79.85800426121888,27,-0.8466439,0.47594565,2862.3506,0.011424029,2.3845892,1.4009157,1.7261605,12.046809,10.931644,13.316234,0.21274233,75.98087,True,415,Orbital,522.5754291547664,8.133869,124.88830029767274,19.625036,0.378124486473676,0.103596315,1045.433,14.287065,0.3763593,13.970924,1,0.3811145971181384,1.7308084948488601e-06,1.3119700010166155,0.4667796299636484,1.4816512927671204,39.65942062555394
619792131892273408,146.100169237118,16.610468374178303,23.494508254213528,0.13460909,54.39990745970915,-287.49760643875413,17,-41.548126,3.1773543,11945.71,0.014386486,3.1765203,1.5222545,4.9959664,14.6661005,13.366361,16.542881,1.0465691,397.4181,False,409,Orbital,901.3261342963225,59.16638,411.68736192858074,7.501519,0.6654643510044389,0.07047797,1734.2693,24.672306,0.0,15.436453,1,1.9486765858836563,9.369938574789464e-05,2.185584714946099,3.0047946754813086,2.130293073218262,41.92259351324108
637329067477530368,140.9454802584218,20.36461284898379,29.063471700504785,0.04139838,-151.26476292374525,35.70844854635065,17,49.250942,0.11820289,2087.947,0.01576663,0.81392527,1.2032717,1.5981688,7.5681353,7.0744195,7.888345,0.26677546,55.460354,True,367,OrbitalTargetedSearchValidated,850.837877194949,112.527145,145.67734019281113,68.63802,0.36931375013866263,0.14985596,382.46973,-0.46266985,0.2750284,12.119544,0,0.38745851266816705,4.3663643031903426e-07,1.0958633431801896,0.2204439092436407,1.8811194605077186,35.918705459222096
685029558383335168,135.1989753379562,21.452187762282836,30.318017131389293,0.07207166,269.4609166133224,-342.9650861913764,18,6.3919234,0.575444,5497.09,0.047757924,1.0572028,1.223818,3.137566,8.525496,7.9108987,8.9681015,0.4972253,209.46254,True,274,OrbitalTargetedSearchValidated,119.07331263762376,0.1968958,-30.519283273949398,2.8803368,0.7130915353095499,0.039227366,283.45505,0.2158238,0.0,15.186194,0,1.0394933618370323,0.00037924019057518533,1.9023333635584523,1.90364963474426,0.7376503627221027,37.13558306761171
824461960796102528,143.3695881411054,46.22871038088223,19.684345005436448,0.0727807,-23.089205736803,5.445338133226539,22,11.005612,0.30228078,7302.677,0.02966224,0.8061161,1.2014472,2.8905041,8.253769,7.765212,8.571328,0.56496584,243.95831,False,404,OrbitalTargetedSearchValidated,579.2959531171614,6.076166,23.119615316578006,27.60982,0.727080838779779,0.03798354,377.7476,-1.2047001,0.0,17.782667,0,1.6328965638358164,0.00022693034880039208,1.589196387208049,2.976828590254898,1.1543021157487408,34.73554810403072
834357565445682944,156.1264392884028,47.60785672081442,18.67185415266541,0.039110944,-283.6710763372404,-43.99175313870684,23,29.70156,21.4492,2229.0396,0.024192268,2.5854807,1.4316776,2.4756024,13.659324,12.490678,15.076159,0.31950012,64.80547,False,395,Orbital,479.96618266413367,6.097238,-147.83268584583783,18.213982,0.3937901483624032,0.06701298,666.76373,8.28855,0.26387513,18.130827,1,0.6288067338472325,2.2118128841552713e-05,1.2006352066800527,0.5394239193786496,1.0321239936922963,39.80768940444099
855523714036230016,160.2369353851966,59.34193263142321,21.937187999208824,0.05225814,-22.34700052996415,-128.3313516854383,31,-1.3412455,0.4899817,9764.941,0.0029592065,0.83357763,1.2050779,2.68675,8.225801,7.721682,8.55526,0.5224875,271.9315,False,623,AstroSpectroSB1,145.31044440085782,0.20235454,29.502138497287113,1.1298509,0.35255892330925054,0.019737165,621.97797,-0.6862259,0.53506094,53.305576,0,0.8252336368900443,0.00033633702702199665,1.210209906404609,2.86621468918395,1.951558485308224,35.22791473097607
873616860770228352,112.59277428576148,29.379775044570543,16.04618955182651,0.037306603,-55.426323269306636,-198.00593290858063,15,19.907053,0.36466485,2099.7854,0.05591303,0.93865013,1.209229,2.3332837,9.117427,8.564141,9.502791,0.2843956,88.20618,True,198,OrbitalTargetedSearchValidated,173.15172103031398,2.9900985,-24.77821050791033,50.601124,0.4266849998900436,0.12440799,195.51413,0.571222,0.0,4.250344,0,0.6059010310564714,0.0002395610148460589,2.5651495937833673,2.921353448110291,2.1054129339410217,34.52627602951678
932447162423519232,120.38295920751497,46.70446143854687,19.03144909988668,0.029215349,-5.776499831146911,-38.76676755877087,18,-2.0271194,0.590134,2228.0413,0.021525213,2.0829306,1.3535216,1.7358394,11.625749,10.602474,12.685405,0.2166905,72.1448,True,287,AstroSpectroSB1,407.62419102073034,4.865756,123.69220941827943,85.38264,0.14146930037022007,0.110176906,428.0092,5.1101995,0.0,9.87667,1,0.46261281179352753,1.153182238035639e-05,1.1014063663389118,2.2727039042437194,1.1499414530965084,37.80011005609112
1035000055055287680,124.02375441265521,57.09314866154391,30.75641609661966,0.061947037,-315.11747316038156,-223.03604175421782,18,17.484322,0.13984692,6097.105,0.039306235,0.9315953,1.2139024,2.4243562,7.3016915,6.74719,7.6787853,0.38949355,153.49745,True,435,OrbitalTargetedSearchValidated,241.6272531745606,1.0179724,-66.04323429489037,19.68123,0.31423487553218543,0.05991275,467.7156,0.90443194,0.0,26.257324,0,0.7123701140861634,2.8392164736430587e-05,2.200812072996163,0.3755000173007136,2.683710590740833,35.930720217150295
1052042828882790016,154.41022515674914,62.52254715893009,12.796619547272226,0.029374074,19.603592003952187,11.273316657181734,30,16.323349,2.2980895,2344.3057,0.004788277,2.455,1.4074346,2.1495514,14.016,12.884776,15.339776,0.2695665,51.409786,True,547,Orbital,408.36086022544987,3.339,13.689119870258082,24.659317,0.16653496941554272,0.064227775,754.47955,5.690999,0.0,28.038193,1,0.4564430303207689,3.630497937815947e-05,1.8029574496522618,0.41908467640110525,1.1531784834377952,38.30973575174385
1181993180456516864,224.182958564777,13.148790877270114,17.891236357084374,0.067399904,-19.453171160515172,-93.68253014578123,14,-8.912998,0.56962955,3030.4316,0.005931563,0.7575178,1.1976178,2.5752811,7.9719906,7.5090656,8.266583,0.4679019,125.36254,True,211,SB1,271.4021890197814,4.1086755,-36.74078983541645,18.33172,0.11994586767063933,0.061061103,5.927706,-0.12443071,0.40063125,22.858826,0,0.06288610283667688,7.86496405626113e-08,0.7652613626865973,0.6280533265386344,1.151216245326053,34.531992568484924
1224551770875466496,236.28059362431893,28.4700962279045,20.494881156406723,0.036665726,-87.87957018229015,37.97836223961473,30,-20.379013,0.20618698,5298.1196,0.012287751,0.7614846,1.199156,1.9712709,7.91749,7.451342,8.212827,0.35591906,119.259865,True,619,AstroSpectroSB1,147.78696521389955,0.12257061,-2.882824603916839,0.9786481,0.5309635215049696,0.02014745,712.2879,-0.52871543,0.39292723,37.971012,1,0.9947732616453225,0.0006984644143981926,1.859892250508102,0.8463801407787159,0.619031380728088,34.519195415576824
1298992006611690112,248.10178828907485,23.613421054453244,13.536559468871395,0.022014266,-35.87361861689813,-216.0118089913395,27,-3.412879,4.4022837,2022.9137,0.029675359,2.5268831,1.4217763,1.7182091,13.622747,12.469875,14.996758,0.16880792,28.765005,True,744,Orbital,447.3549183822827,4.549683,130.56273249664025,20.784237,0.24856476345097586,0.086276226,1235.1016,10.409292,0.0,18.675043,1,0.3093336744004535,7.954863477316587e-06,1.857315737713102,0.3137243048137268,0.7438606057490836,38.180837851910894
1457486023639239296,209.50636393881885,31.69549225030587,13.544777594132514,0.020826058,-75.41156018470285,18.063289853070557,22,-18.14354,0.41543177,1793.643,0.00735556,1.697197,1.2923081,1.5032967,11.908777,11.025452,12.722649,0.15627776,34.476353,True,467,Orbital,564.0242807973492,11.195968,-0.4040070499453895,20.397583,0.5075808455347155,0.19625777,1370.8899,17.500841,0.0,7.9076214,0,0.3128468035961588,5.1673083698914164e-06,1.6741708336233192,1.211162679020563,2.0147135860420358,36.48788223425857
1462767459023424512,198.8326134572686,29.987992355985146,13.890271623728253,0.04097206,20.22348582935752,-50.33600418228321,19,0.0,1.1180166,1097.0188,0.020818008,2.9771595,1.4883778,1.4377383,15.146554,13.889603,16.866762,0.23674354,14.7647505,True,507,Orbital,781.0819020064879,33.096397,309.1389840507564,44.86723,0.558981569713888,0.22062802,900.4836,8.304879,0.27364162,5.7166677,0,0.3241408021610313,2.7787929686456304e-06,0.8953662237549306,2.392827505302649,2.3644631524272954,39.801232784968946
1594127865540229888,224.22760887352854,53.3809225662555,14.175550114221503,0.019055028,-14.122285955868662,-280.3304748938607,27,-37.79661,0.12738939,816.36725,0.007316383,0.81863165,1.2033861,1.0862737,8.290873,7.7949443,8.613576,0.14644627,17.420856,True,322,OrbitalTargetedSearchValidated,893.1590131337392,251.41333,-256.5683523054828,444.84546,0.3109651016174375,0.29506254,424.6202,-1.5087502,0.0,3.808545,0,0.15711488595139844,2.276958511208967e-07,2.5076304680348707,2.8754031094544135,2.134267829570983,33.06925890359068
1610837178107032192,219.08814750346022,57.56096058346572,13.560874706893744,0.021635994,-82.12463988827217,67.25862743488946,29,-5.798384,0.14709054,1568.1545,0.03514199,0.6899209,1.1943426,1.3203703,8.200266,7.7720437,8.461965,0.214271,33.107605,True,406,OrbitalTargetedSearch,1089.1526376689824,308.90735,-176.39490657263298,294.5339,0.3930494343714672,0.18595059,444.6535,-2.9135287,0.0,7.085385,0,0.3123170221880097,1.3738104306294713e-06,0.5354889783008279,0.4404917920497456,0.3798086372206243,32.72654913391336
1638180413086979840,269.3142709072523,70.70178301936559,52.25092490849375,0.21902019,6.871021789281394,326.688725160739,24,0.0,1.1180166,18233.852,0.018735414,4.7812147,1.7201992,4.315501,15.650289,14.144515,18.92573,2.46874,732.1862,False,302,Orbital,479.9890102079157,1.2926918,196.16698624418615,2.5049827,0.5954590074867835,0.052296683,442.3491,3.8688748,0.0,18.145054,0,7.048343440064537,0.0014213370817211081,2.112880327740378,2.4116230078612326,1.1482062777629594,46.93090237838881
1712614124767394816,203.16332673930077,75.0071106350803,28.249343731472365,0.011704006,-440.5577379228295,49.538510289490155,25,-30.726942,0.14651532,613.7561,0.015164264,1.5468168,1.2678447,1.0198512,9.748717,8.928093,10.47491,0.08341608,8.415716,True,334,OrbitalTargetedSearchValidated,297.63980710552124,2.6865907,55.17600069297677,31.368795,0.4575131308981575,0.16824925,361.30154,0.2601262,0.29539323,6.488816,0,0.21263839497145787,6.422415333641192e-07,1.4505486206126548,0.7147987734221968,1.5761821455660607,37.96020153921978
1862136504889464192,306.95304019235664,31.915285973528764,12.035556823275314,0.033643972,-29.538028580754823,-54.30542172528066,25,-11.279882,6.076991,983.0628,0.0050398093,2.7969637,1.4591423,1.4461668,15.1537895,13.937789,16.734753,0.23844966,14.293896,False,466,Orbital,542.4071300045598,13.512046,223.77523580157617,29.636778,0.2957067202117661,0.12388595,504.99042,1.1680565,0.28873336,12.09978,1,0.44751028032506057,2.330988636009894e-05,1.6114649745876477,2.84801310096192,2.2271404042864185,39.129751536736435
1878822452815621120,337.0099840269513,24.937908077405133,16.052830363116342,0.033180892,288.7795303103289,24.058157841437307,16,-43.42891,0.26642615,1878.1697,0.02413819,1.0736141,1.2213318,1.9176155,9.758149,9.139321,10.212935,0.23674801,65.201614,True,267,OrbitalTargetedSearch,1009.3084576652012,138.47911,459.4472269644044,70.79625,0.44555607978695805,0.34303,315.34198,0.521783,0.0,12.333239,0,0.5522620441289454,5.332285119968335e-06,3.0052795776919905,3.113983371567282,1.464919325374877,35.14380707331381
1879554280883275136,333.26658292538275,24.79460978500381,12.612391866586785,0.03048187,-19.940570489500047,-15.383409929734928,15,-41.230118,2.0957627,696.12616,0.0040747453,2.4197865,1.4026113,1.5916747,14.312264,13.190204,15.60999,0.18746746,14.463461,False,293,Orbital,584.4708752241253,13.008194,253.3569894747052,21.737394,0.46116695717414646,0.16288857,322.13217,0.9498095,0.0,7.4968963,1,0.5202537193289821,2.7409929183335713e-05,1.5881219678877405,0.020005873547691788,0.8646644384189439,38.49799622239989
2002130242343487744,341.59264477667426,53.48858361097902,7.943533459429171,0.023963474,26.36198279548521,24.519793394346195,29,-6.3757277,5.8957424,1477.7771,0.017692288,2.5877514,1.4337461,1.8076702,14.147883,12.977358,15.565109,0.22147402,26.61341,False,483,Orbital,639.5625141370139,13.549827,-272.83090893990004,18.163263,0.5508195129194844,0.11711261,952.65643,9.990051,0.32604513,10.3456745,0,0.39417310543069556,3.985054141327517e-05,2.1205620481092016,2.4533310338415575,2.217490784486055,36.09408484791315
2047188847334279424,294.4962389823273,33.89350477297109,30.660019993241622,0.02482873,-98.11923056845716,51.912787324128004,29,0.0,1.1180166,2928.7024,0.016093655,0.92350054,1.2133329,1.6355618,7.2801557,6.729588,7.6530886,0.26450443,64.14232,False,456,OrbitalTargetedSearch,449.9997576028038,5.8067336,-80.4626540839173,76.24349,0.14390804258285875,0.071050376,455.85663,0.24990048,0.0,23.83953,1,0.48080848368051515,2.5407091663964733e-06,0.8472363044764288,2.899048885273687,1.9032509815686383,35.88821298098086
2052469973468984192,293.41564074205075,39.52496479259567,57.57447740279424,0.067470476,225.10098898176477,-421.32616620115186,24,-5.442873,0.5100757,20992.016,0.007754337,2.3546667,1.3955314,4.742271,10.690557,9.584441,11.939108,0.74088204,744.25354,False,371,Orbital,209.31568456899032,0.73923475,5.423410570602073,4.644838,0.4698172360130386,0.04444688,1115.9718,18.118383,0.26504493,21.506496,1,1.1385217320321155,2.3545659814500907e-05,1.9154175135971887,2.5437044370459185,2.4607761140641875,42.46845550965382
2074815898041643520,302.04083647202975,41.94155628472876,24.20917227337564,0.035977457,102.62891537564443,77.66186477984105,28,-53.719063,0.87361544,4904.107,0.0049673575,2.3936653,1.4054047,3.5465553,13.210625,12.090533,14.484199,0.40779135,157.7881,False,421,Orbital,357.7258477679834,1.2939223,39.41202474043604,2.740853,0.668550940467689,0.03358435,512.1344,2.7282321,0.0,24.968727,0,0.9466144530757524,6.232458230339828e-05,1.6522731249774192,2.151762735053384,2.2630336511844433,40.736020173640114
2104920835634141696,284.0418654763732,42.67414618517807,21.65534982283015,0.05009829,178.79630519852017,-138.16161238731132,27,0.0,1.1180166,1754.4803,0.011076369,3.2104588,1.5128453,2.0326042,15.439278,14.14344,17.353899,0.53781176,51.33135,False,366,Orbital,453.5727278061873,5.9411435,-95.52680783604859,14.466564,0.41025208143808567,0.06993986,402.72635,1.0850704,0.29104358,17.51315,1,0.8667580806258325,4.158001754540945e-05,2.653163387893781,2.9428268091935794,0.764284404136749,42.328639741776186
2117364283603705984,280.98847111763024,44.43948903945503,20.457442277943766,0.020941287,102.08702392923843,-110.09056142287679,29,-13.060715,13.7381315,1800.9,0.012293426,2.8300323,1.4653981,2.1178281,13.489458,12.265033,15.095065,0.23490345,45.68306,False,409,Orbital,392.0640591697792,3.9751089,-97.80229912544632,8.742151,0.5828237303924338,0.09728625,656.065,7.2781754,0.0,10.946222,1,0.550793186563981,1.6938621347218448e-05,0.7811095212069242,0.6256096050192473,1.8214458962366993,40.11887084320921
2259968811419624448,272.53789605764473,68.91235266469839,18.203620477342053,0.023306532,102.32511411227523,200.69945446373242,26,7.970992,2.325898,1381.1854,0.0022522467,2.6510782,1.4369953,2.0562148,13.929691,12.74824,15.399319,0.2501049,37.86008,False,349,Orbital,171.18827912879044,0.6269471,-27.0077368536746,5.3330936,0.3595929857845821,0.083929,428.9772,2.0507388,0.29113618,19.459276,1,0.4142379166786132,5.364245261165012e-05,0.3784307123400299,2.967724327191191,2.268352994615131,39.94021825485561
2277249663873880576,320.32929795461354,74.9303461331529,19.551153842822355,0.02389527,191.2898631455348,174.86167307518377,28,-27.697405,2.5799177,2805.5095,0.023230966,2.431282,1.4076593,1.9878886,12.906898,11.779146,14.210428,0.26806974,78.69736,True,359,Orbital,599.3587152699741,11.776753,-54.916934262684386,60.250736,0.18831484612646068,0.12964071,905.98145,14.187631,0.2699981,16.058159,1,0.45354007495091325,4.635927365211427e-06,1.5724200733809148,0.5200499697546058,1.6839658937782467,39.29531701179229
2367734656180397952,7.141298148778685,-16.227357052985372,28.972342936808044,0.021232903,-354.9391650530546,-227.995241429754,15,2.932551,0.1520432,1026.4829,0.036941063,1.346591,1.247022,1.2258285,9.2076025,8.467552,9.814143,0.108009316,15.932682,True,381,OrbitalTargetedSearchValidated,648.9151198887535,35.60242,-118.48114768138191,320.7854,0.2754037150006805,0.22216229,377.16733,-0.26018077,0.0,9.460223,0,0.21746352719861325,1.3397170808075157e-07,1.9940056841765768,2.152437071773772,1.400163731360942,37.55688057458209
2446599193562312320,355.5554726441637,-5.78286503850829,7.747487258874034,0.03573643,-39.879256708713925,-17.995949207857166,16,4.8411283,3.0072699,643.5994,0.015279095,2.2445602,1.375161,1.5737138,14.668134,13.596887,15.841447,0.23186283,15.626607,True,270,Orbital,854.261922051163,164.35117,-252.98402938770678,39.052055,0.4263300154050662,0.16131453,277.3306,0.08491855,0.0,7.028583,0,0.4892575783241993,4.6039269507959614e-05,0.451593659760653,0.08215997304673239,0.8814287256403694,36.50149242173961
2571855077162098944,24.46547444698127,7.98163971075571,8.727922322856985,0.031025996,100.60229419459208,-17.085952514961797,15,50.12134,3.1540828,843.95966,0.019762773,2.4476795,1.4097596,1.4495906,14.4730215,13.341124,15.788803,0.15024176,9.315731,True,421,Orbital,780.228664555089,46.8259,330.08477617846745,71.78181,0.35213996622367394,0.13196078,538.28064,3.311336,0.0,8.247316,1,0.3160514627452635,1.0405847155352544e-05,1.3550826697139993,0.6411835565990877,2.275693877650433,36.78979237796009
2603090003484152064,343.3241110018443,-14.266689393516607,214.0379888743159,0.035619885,957.7147312894218,-673.6012364809744,13,-2.085692,0.14566658,1593.4062,0.03080447,2.8092842,1.4779663,1.3398496,8.875059,7.6437206,10.453005,0.24331754,56.429905,True,205,OrbitalTargetedSearchValidated,61.36053201535001,0.22405064,-7.189614768010372,19.390203,0.1575966196274674,0.15398227,203.87497,-0.9973179,0.0,7.9483886,0,0.42601828983006507,2.793922565802236e-07,1.3660822313107053,0.07397340534746322,1.7708977341085785,47.2128921956139
2651390587219807744,347.71084074480814,0.40852340990590275,23.20019762820213,0.09867603,-25.008336068888234,-271.7114499154377,15,23.85978,0.22638015,17172.867,0.034215666,1.0297413,1.217758,5.9927416,8.788991,8.190692,9.220433,0.86544776,782.9015,False,239,OrbitalTargetedSearch,780.009391078481,84.43515,-31.28051987846277,10.852935,0.4792578356943436,0.110094815,229.96342,-1.6986364,0.0,6.8174295,0,1.9122332908663546,0.00012278020587147892,1.6285992786720234,2.513837133772447,2.2579011709769334,36.0018748064566
2778298280881817984,14.056387982038311,15.656004385595901,15.763837586217138,0.107398085,48.206490225671224,-36.318636620610064,14,30.163988,0.38445994,8047.5786,0.13623454,0.7842283,1.2010792,4.060047,8.525145,8.046837,8.831065,0.7590005,393.53766,False,229,OrbitalTargetedSearch,576.7190617265433,10.649633,51.14546317637962,19.715576,0.46131103382341987,0.124730565,236.2265,-0.3710569,0.0,33.435596,0,1.037325963243026,0.0001142909193454056,1.9409039774064887,0.7995441895475989,0.2120662335546867,33.80472596043294
2824801747222539648,353.16775014533937,20.156927072530326,14.208634870776502,0.041561235,183.5495993955211,-332.0923097789449,19,-96.35918,1.644988,1608.892,0.025966957,2.4292927,1.4092137,2.2703476,13.956722,12.82808,15.257373,0.29291835,47.164757,False,340,Orbital,560.1272431945496,6.6759543,96.27854535517793,58.637207,0.13058235509239138,0.09061959,560.74634,5.784675,0.0,14.130319,1,0.5827587880005421,2.933705323734087e-05,2.0768299209648338,2.5431656516550487,0.752811218617055,38.76014085119593
2845310284780420864,348.02594307880327,26.932056015556274,24.124483188668616,0.02660035,149.60846790592788,-138.95577969451617,20,3.7427976,7.809013,1566.4938,0.02377201,2.8898296,1.4773105,1.7858508,13.815733,12.575934,15.465764,0.19727498,29.258005,True,500,Orbital,417.4974448870038,6.567461,94.16743251195169,25.980122,0.3192478599516006,0.09867966,1270.8323,16.294668,0.3215734,16.48638,1,0.4996724416960383,6.80072076147427e-06,1.8289411779073592,0.14220661513089583,1.6948195958732597,41.26121410339986
2884087104955208064,89.36900200804413,-37.847875055373265,25.50682227518508,0.017193459,-112.24038897964404,77.54365105918541,28,8.2168455,0.15858865,1279.1117,0.014043967,1.1241579,1.2259164,1.4081933,8.973351,8.330992,9.45515,0.15679288,32.940067,True,335,OrbitalTargetedSearchValidated,826.5310697340134,49.88993,-249.44855052593743,524.0057,0.06565210017612134,0.10343357,333.55707,-0.56812954,0.0,10.652899,0,0.25461154467237523,1.942349100079715e-07,2.07275344615954,2.186918149648389,2.4048181965876214,36.67749845874563
2998643469106143104,87.42810743464118,-12.056663848018458,20.688794090105063,0.034659684,2.6557431363988426,66.5148443096545,22,43.139416,2.182352,1655.31,0.0045460365,2.7757263,1.4546636,2.1177146,14.01742,12.80724,15.582966,0.25545335,36.156322,False,393,Orbital,257.7236168833142,1.2638774,-110.0305485308046,9.94235,0.35990925219591696,0.076033615,538.1247,4.8373303,0.34772468,23.456068,1,0.6170661917496179,5.32919657741915e-05,1.8636181999478771,1.8804316119833362,1.8804408501873457,40.66676303426195
3120450116011961984,98.29088914613881,0.23026874726218416,10.556110123217247,0.029144948,11.301502271452604,-68.99885786864799,16,-16.830902,1.2998855,1007.7276,0.049315244,2.0432339,1.3451526,1.859244,12.814278,11.805871,13.849105,0.20264725,36.09786,True,206,Orbital,834.5215955902077,39.282722,-414.5478827438988,46.635372,0.4391291950805485,0.22926836,376.1556,7.375516,0.0,7.8020854,1,0.3811008523173916,9.013911987120022e-06,2.5985522281626485,2.9169215868919043,2.031288630318614,36.04805044438663
3309006602007842048,71.62700947833584,15.471931785895292,20.500601458263425,0.0819142,87.32567613872013,-25.352727232571336,19,41.932606,0.2045537,8429.46,0.019314358,0.8205805,1.2014053,3.2997699,8.138844,7.643832,8.464413,0.58763224,270.04025,False,357,SB1,1039.409246828374,265.71768,10.099825922234965,32.85523,0.44716970229811925,0.14932337,14.523447,-0.15163726,0.37649316,10.935598,0,0.06288610283667688,3.56427769858837e-09,0.7652613626865973,0.6280533265386344,1.151216245326053,34.69884551953473
3424193536079703808,88.32879033442072,22.071810060176055,9.996113824743116,0.06901762,-74.50965685207979,-76.76250807070633,17,-64.47429,0.16753802,5737.692,0.053118646,0.739244,1.1992185,3.098616,8.25653,7.800629,8.539873,0.5145654,234.2708,False,274,OrbitalTargetedSearch,389.18634035913624,2.02537,-143.5029411120654,138.12308,0.1529149870963767,0.24137807,220.90285,-1.3254755,0.0,5.238534,0,1.4156325230978983,0.0025016312184631194,0.8386517518793719,2.4113636093408424,0.8677522712057629,31.52265190550872
3665298981300771200,206.45655355690374,2.7766031129576696,20.540251712254474,0.043776978,-153.9492614096416,54.64818859611719,16,4.4922724,0.2564074,10081.2295,0.014592343,1.7705069,1.3017416,3.3123925,10.680113,9.769926,11.540433,0.3426589,196.64511,True,537,Orbital,515.9390243721431,7.995345,-72.0187627585251,16.032318,0.43621855110374186,0.101292,1864.5105,24.44251,0.0,12.316574,1,0.6224263863745899,1.3945381344391633e-05,1.4350723507391225,0.17995953024488076,0.20274196382321705,37.19806063216069
3676303512147120512,190.3227486045739,-7.050696251081146,25.82659588107723,0.075490266,118.37692029653023,47.994556728604685,17,-31.980862,3.5298786,2813.2896,0.03323329,3.1795979,1.5080973,2.5175693,14.841468,13.551613,16.73121,0.43600586,57.352993,False,381,Orbital,575.0848904008973,7.581159,-235.33820731659787,22.534939,0.50357866990042,0.077848926,774.4328,10.382467,0.0,16.34549,1,1.5719385890564253,9.095399093347209e-05,1.002679958943324,0.6723275370955318,1.8743592188816898,42.61838971425512
3750881083756656128,158.72730824766327,-13.788733996912855,13.92524735877233,0.051319312,116.75274126877584,-176.1161632077149,13,-12.576587,0.2060601,2435.749,0.050805777,1.0012398,1.2122043,2.7651007,9.490764,8.908926,9.910166,0.31415156,97.17368,True,171,OrbitalTargetedSearch,500.4524718504409,6.883218,-104.37693757741522,33.352962,0.31735005506905556,0.061592024,215.94232,0.95883614,0.0,19.345577,0,0.7292608752736273,7.650587026184399e-05,1.1609849233821345,2.8299463574134407,1.0114712085682995,34.09999167251616
3751763647996317056,155.20723894240282,-15.478596621251734,28.680609056386718,0.12572056,-221.3838844766481,296.3011821058748,11,82.627846,1.1180166,7768.161,0.0052790907,0.7314925,1.1990005,5.1274977,7.032702,6.5806165,7.312109,0.6398425,271.3116,False,113,OrbitalTargetedSearchValidated,297.47376851474417,2.004973,72.9977274832984,19.110916,0.6790770655866796,0.2029598,141.31139,1.156423,0.0,6.229102,0,1.8235332570853595,0.00038748871091900613,1.5279351787273079,0.4456053384384384,0.9406019834208655,35.422039251036054
3925216795598987264,179.90591339732848,15.76199536048817,13.337521425300698,0.053073496,-165.49640144541027,-79.21275851293419,16,17.042992,5.503503,1006.2521,0.02217006,2.8839483,1.4725803,1.8764522,14.753142,13.517459,16.401407,0.3278209,28.912388,False,288,Orbital,630.2153792405793,12.160565,297.7264623146772,19.516989,0.5388534792747544,0.091883644,579.7841,6.010059,0.3507302,18.863684,1,0.646299053859109,3.821885088934025e-05,2.7488184473170243,2.9134593336200316,1.4780746260022959,39.224791763532906
3937630969071148032,194.46190176162983,16.856275131777743,11.807613453255781,0.0375668,19.82564153408451,-62.61254252704728,17,-6.0075345,3.814729,1192.774,0.020334195,2.6869364,1.4442796,1.7659001,14.704873,13.513324,16.20026,0.22521812,18.105032,False,394,Orbital,455.3610487810816,13.959793,217.2017727106199,34.245453,0.3042775466477468,0.14005548,564.6061,4.1379733,0.0,13.519689,1,0.45670965246418,3.723084400941488e-05,1.7193034050510834,0.02510214084806639,1.9858665549502563,38.61571326399326
4062446910648807168,270.7787122020918,-28.560840236950646,24.986716148982897,0.035148375,-34.65794633176605,-42.25317818384521,14,7.3036857,0.15798181,584.0461,0.088115074,1.2679987,1.238162,1.1575037,9.332131,8.626602,9.894601,0.17660898,10.669593,False,249,OrbitalTargetedSearchValidated,615.4659285544423,12.050617,-193.59533664177354,88.10631,0.6152247508222306,0.34548497,241.80354,0.06692551,0.0,2.5613222,0,0.5646709702425883,4.06472577454267e-06,1.1829187795302107,2.399956639700985,0.5068048362210522,36.93103467216447
4188996885011268608,299.3487765276967,-12.566252961830065,56.17389569688285,0.043293245,-89.60091241085726,-518.0900140487562,17,-10.512545,2.0512779,2625.3508,0.014646296,3.4446735,1.5471452,1.9614018,13.530215,12.19258,15.637254,0.3019261,68.183075,False,325,Orbital,406.36266840329495,3.5011785,-174.41124552663885,42.17753,0.16250524299993255,0.11872108,569.23566,7.7059255,0.0,10.487051,1,1.1705130388644598,7.309336891669656e-06,1.9063306476026542,2.9037133511489235,1.7184318893367523,45.17320610141408
4392798821280870912,255.61119554081998,5.519952984292999,23.476914884506947,0.051695425,-135.63899420423374,-17.11349943423542,21,-26.101784,1.2160543,3499.2825,0.008821711,2.7843552,1.4590333,3.0529552,13.382171,12.16772,14.952075,0.35661298,111.78157,True,386,Orbital,473.0362343130413,4.2582583,206.79826545431854,9.974184,0.32964942704655786,0.11554039,660.4071,7.9670477,0.0,7.6946354,1,0.7184096354774289,1.708382055938082e-05,0.9637469120427815,2.8888132382494978,2.806545045329139,40.64311465941769
4745373133284418816,40.64179116281783,-50.7993179041391,57.613144345224306,0.03827621,333.7156354272668,219.42328991689652,28,16.935308,0.11672682,8653.451,0.017385868,0.7264128,1.189076,0.8463041,5.256284,4.815602,5.5420146,0.40516937,283.1818,True,369,OrbitalTargetedSearch,331.74308641758046,6.2081656,-0.4081586317738015,548.83496,0.036471584245714034,0.19316667,495.71878,0.13950597,0.0,11.566582,0,0.30032725139969535,1.7171023274804229e-07,2.104973705285324,0.326312362787201,1.5228376521170979,37.03577514147299
4753355209745022208,40.893041519323845,-46.457211267551386,35.61427887433883,0.09468222,75.8852586557606,-527.893696470351,28,33.660915,0.40416396,36470.242,0.011115072,1.2665606,1.2415984,6.902714,8.70938,8.001344,9.267904,1.0207787,1174.7122,False,396,OrbitalTargetedSearchValidated,1346.1360432433823,107.140274,434.79762901609615,69.362236,0.7982916362876799,0.012812804,527.03503,0.23784316,0.0,22.2191,1,7.924528664680396,0.0008110551763877241,1.7193838307179221,0.010387305671631708,1.2683701207425513,38.042506162648564
4901802507993393664,8.714179114938315,-61.916381256179015,22.512490562727425,0.021440135,88.79854472356729,-52.774164813502935,29,5.1938586,0.9996904,3339.829,0.00863846,1.4656391,1.2670748,2.0809088,9.113744,8.318203,9.783842,0.21299744,65.261604,True,419,OrbitalTargetedSearch,476.3644470369194,4.5415015,-19.992217904510994,38.51253,0.27763401547610195,0.07810306,409.0713,-0.3226972,0.2992005,26.002378,1,0.3611729319897974,2.427597717138024e-06,1.0890237636073639,2.9389817612826907,1.9548199096854075,36.179013539463504
4976894960284258048,1.5837990651942728,-49.075368186630975,38.19453346692788,0.035520833,575.0993084165844,-40.8740956886412,22,5.7567415,0.1160367,6901.353,0.08280227,0.66950846,1.1928903,0.84333533,5.586702,5.1695895,5.839098,0.2666895,158.21388,True,699,OrbitalTargetedSearch,318.5760310439869,6.5366364,-80.65508162563142,107.124825,0.25697689648847155,0.2300577,754.5493,1.545099,0.0,7.295927,0,0.21097632412557452,2.2153981537621532e-07,2.139117196218108,2.4668364757580825,1.0313414761565276,35.32142512047399
5052449001298518528,43.59221017262487,-31.797206594491737,16.89316474445646,0.024440816,93.77679668036897,-243.78138647972486,26,7.0361123,30.089346,2364.8054,0.011271042,2.5891008,1.4308695,1.7969167,13.597104,12.428575,15.017675,0.17528921,33.189526,True,789,Orbital,336.07307181735484,3.8905284,-166.43349371129125,49.65669,0.08192297712196661,0.078702934,1066.3171,5.5983076,0.0,24.353119,1,0.509817962060938,3.246574428844412e-05,1.5598499154067667,0.6145988775689853,1.5790593960912807,39.27401512575747
5085864568417061120,52.77776094969094,-24.697454114795047,17.935777134406326,0.023647161,125.76808994801735,55.14412651896916,23,17.641096,3.4587705,1992.9208,0.017272957,2.6644602,1.4424703,1.7934728,13.65537,12.468055,15.132515,0.18578094,29.235575,False,662,Orbital,259.5880664307087,2.3419678,-14.997073738848542,10.252107,0.4191317206200441,0.09131076,970.1394,7.3568363,0.29553804,18.973509,1,0.3572626973305865,1.5646363801454394e-05,1.6790648708958582,2.800911256377683,1.0138259168413715,39.604815312263135
5122670101678217728,30.16102528803913,-23.233666496534074,9.730516286656368,0.025109867,0.3644820054784237,-59.040244388800204,18,0.0,1.1180166,1732.9368,0.017979352,0.77022743,1.1999601,1.5266489,8.911079,8.440185,9.210412,0.18670696,44.117428,True,353,Orbital,653.9777152580584,29.772684,271.27423785432626,85.70528,0.24709635192808688,0.14464067,670.5343,7.5496373,0.0,11.092566,1,0.27875950155682133,7.333916078164342e-06,1.0798226951730174,0.38532540195366116,1.9153109676200735,31.800621839477433
5266148569447305600,91.62435297317627,-72.51435874613051,21.24956610015964,0.11426809,-0.7158934872258751,-382.7548271272846,21,35.64353,0.49376386,22170.066,0.032543972,1.0472307,1.2177916,6.8505554,8.861843,8.256549,9.30378,1.0415161,1009.8035,False,239,AstroSpectroSB1,504.0429928066158,1.1539947,47.81150154582415,2.0316944,0.5731016837578079,0.017982475,287.6129,1.0274328,0.38007024,91.61528,1,2.3883380675493804,0.0007455598103222444,1.1029080049625186,2.932995377378443,1.1150649156217523,35.56879198613028
5563001178343925376,105.12356814185436,-41.37884986106795,30.8911675030859,0.020654356,41.41301671358829,215.4160600381,24,59.342033,0.7617078,1444.0079,0.009082646,1.058083,1.2189844,1.3928576,8.220978,7.610331,8.668414,0.19391324,29.830475,True,356,OrbitalTargetedSearchValidated,52.898325539750864,0.09444605,-15.165901014801968,3.836348,0.5413001263084799,0.16315861,357.4102,0.26564097,0.0,6.7806034,0,0.5359705416531638,0.0002490097735490701,2.3439974653085267,0.5047357999229025,1.275539895231272,36.876254065124584
5610436308992623104,105.11545367123736,-28.087529715704953,12.244101936702812,0.026139595,-18.158917728762333,-3.673362651767346,28,-4.480471,2.1629128,1747.1667,0.015267138,2.3811216,1.3989619,1.927173,14.144309,13.031219,15.41234,0.24679679,36.936295,False,504,Orbital,352.29674411463674,2.99827,77.8138157796788,26.641113,0.1717208046583806,0.07261459,683.36743,5.377109,0.3207793,17.314714,1,0.45120632536143235,5.379078946509917e-05,0.07400426615927728,3.0943427152717025,1.6996016948015567,38.21828951584447
5612039087715504640,112.28993475107768,-27.489801672924486,30.861327107678697,0.061428644,47.423585629734006,3.6255130245586957,29,18.12677,1.4337798,12409.023,0.007339498,2.9738855,1.4810765,4.72234,13.905598,12.654313,15.628199,0.69258255,355.5681,False,548,Orbital,592.3226623843939,3.2893696,136.44397468176498,12.705097,0.214280288313668,0.025821539,1054.9745,12.4830065,0.0,55.037014,1,1.3165761574189716,2.9522825218724568e-05,2.5065507282971904,0.30573442155463604,2.4356399124202723,42.5675742350065
5618776310850226432,112.4418208423377,-22.4298446769022,10.62228385198805,0.034112882,30.633405610456613,-57.22745298963111,25,1.5648307,2.8288598,1677.7294,0.01326833,2.6135035,1.4308859,1.8439379,14.665569,13.493716,16.10722,0.2942571,34.47388,False,509,Orbital,553.533270542707,7.8488555,232.7505456821752,21.693747,0.41754306292851934,0.06476872,606.1285,3.3482044,0.31327212,19.153572,1,0.4684101297596889,3.733516866905441e-05,0.7207414757701068,2.445288404873422,2.358088421040814,38.02929623714134
5765846127180770432,198.8369563599752,-87.56137833392853,40.47572675612933,0.014569632,-222.2904379540643,-156.17087005656938,25,-4.8709087,0.12511355,937.787,0.011236811,0.8471527,1.2042625,1.0402949,6.9539948,6.4445996,7.2917523,0.122859694,16.141073,True,329,OrbitalTargetedSearch,20.02509152878763,0.012965246,-4.065729588165771,0.5199056,0.7368206298458174,0.096546285,398.56598,0.7229929,0.0,4.7049212,1,0.8354985637403854,0.0029260691570883435,1.344845076596914,2.9320077014440997,0.9559927995296398,36.968836133974534
5855730584310531200,192.2159654417225,-68.42465224767673,34.60940212403708,0.02390885,27.28346762542193,112.91831168020067,24,104.53151,0.12842758,1436.3678,0.0044571063,0.87915325,1.2095692,1.2444853,7.4192524,6.891081,7.770234,0.20855743,33.64406,False,401,OrbitalTargetedSearchValidated,882.128075201982,33.6835,-390.44181902400817,49.74736,0.5036704803266302,0.104193084,457.25815,0.59680074,0.2714686,15.98991,0,0.5111586526822002,5.523343075928882e-07,0.9810894646515532,0.5665261448436697,1.6858871381920915,36.63604747140382
5999024986946599808,231.34561775916498,-46.64367339188822,9.731272427500524,0.036546804,-65.37243763564032,-202.5697203357501,17,-12.348613,0.5965982,2434.3586,0.0113591375,0.9424019,1.211095,1.8855478,10.535914,9.979378,10.92178,0.24015862,70.788666,True,331,OrbitalTargetedSearchValidated,242.68752590443856,1.5862772,53.27714123314209,27.43899,0.21525139722378378,0.08125013,344.37897,0.19277567,0.0,26.233637,0,0.46977384138607803,0.0002548256487775531,2.364993091888498,2.4708963102770687,2.233304054871235,33.40897073973362
6421118739093252224,285.00338580907726,-69.94509306354489,14.042104606622432,0.022929778,-7.233849739136787,-191.8948231067759,29,4.582623,0.1224463,1885.7809,0.039263338,0.9000397,1.2068746,1.1726074,7.836354,7.301589,8.201629,0.18143183,30.66504,True,639,OrbitalTargetedSearchValidated,898.713761660886,198.22922,209.45325546796846,737.48047,0.18983536871677717,0.12040788,650.5776,-0.49010727,0.0,9.8261385,0,0.21971834771064452,6.327614706484856e-07,2.069436729229794,2.4857629831643413,0.49226269656009497,32.583800859605624
6781298098147816192,313.7366151451365,-34.04855890123341,20.8094272427838,0.034422893,-105.75196012000129,-49.997217577316114,20,28.230268,2.8681176,1110.1002,0.02139929,2.9010859,1.4732399,1.6835006,14.404363,13.166356,16.067442,0.22016284,19.926188,False,395,Orbital,602.3757520100407,11.731355,-129.33524697331282,51.78247,0.21503556007874036,0.13767499,681.8837,7.0498075,0.0,11.932396,0,0.37499462669730427,2.1514944983310567e-06,1.345398587487432,2.568267567343227,1.0317222796780834,41.1074341425378
